region,trust,att1,att2,att_o,o4_1,o4_2,o4_o,total_attendances,total_over_4hrs,pct_within_4hrs,month
North West ,SOUTHPORT AND ORMSKIRK HOSPITAL NHS TRUST,6371,0,2291,1123,0,0,8662,1123,87.0,March 2021
South West ,ROYAL CORNWALL HOSPITALS NHS TRUST,5061,0,6672,1591,0,54,11733,1645,86.0,March 2021
Midlands ,SANDWELL AND WEST BIRMINGHAM HOSPITALS NHS TRUST,12172,1045,2034,2367,185,6,15251,2558,83.2,March 2021
Midlands ,WYE VALLEY NHS TRUST,4927,0,0,1051,0,0,4927,1051,78.7,March 2021
London,ST GEORGE'S UNIVERSITY HOSPITALS NHS FOUNDATION TRUST,9579,0,0,546,0,0,9579,546,94.3,March 2021
South East ,MEDWAY NHS FOUNDATION TRUST,6576,0,2860,1713,0,39,9436,1752,81.4,March 2021
Midlands ,CHESTERFIELD ROYAL HOSPITAL NHS FOUNDATION TRUST,4868,0,2181,228,0,4,7049,232,96.7,March 2021
North East And Yorkshire ,CALDERDALE AND HUDDERSFIELD NHS FOUNDATION TRUST,12506,0,0,1522,0,0,12506,1522,87.8,March 2021
North East And Yorkshire ,GATESHEAD HEALTH NHS FOUNDATION TRUST,4818,0,1921,654,0,10,6739,664,90.1,March 2021
North East And Yorkshire ,SHEFFIELD CHILDREN'S NHS FOUNDATION TRUST,3757,0,217,98,0,0,3974,98,97.5,March 2021
South East ,PORTSMOUTH HOSPITALS UNIVERSITY NATIONAL HEALTH SERVICE TRUST,6967,600,1674,0,0,0,9241,0,100.0,March 2021
London,HOMERTON UNIVERSITY HOSPITAL NHS FOUNDATION TRUST,7457,0,0,415,0,0,7457,415,94.4,March 2021
South East ,UNIVERSITY HOSPITAL SOUTHAMPTON NHS FOUNDATION TRUST,8380,1113,0,949,58,0,9493,1007,89.4,March 2021
South West ,SALISBURY NHS FOUNDATION TRUST,3453,290,775,414,0,0,4518,414,90.8,March 2021
South West ,YEOVIL DISTRICT HOSPITAL NHS FOUNDATION TRUST,4222,0,0,196,0,0,4222,196,95.4,March 2021
South West ,NORTHERN DEVON HEALTHCARE NHS TRUST,3156,0,0,532,0,0,3156,532,83.1,March 2021
London,UNIVERSITY COLLEGE LONDON HOSPITALS NHS FOUNDATION TRUST,6860,0,0,472,0,0,6860,472,93.1,March 2021
East Of England ,WEST HERTFORDSHIRE HOSPITALS NHS TRUST,5755,0,5119,1878,0,52,10874,1930,82.3,March 2021
South East ,SURREY AND SUSSEX HEALTHCARE NHS TRUST,8242,0,642,550,0,0,8884,550,93.8,March 2021
Midlands ,THE DUDLEY GROUP NHS FOUNDATION TRUST,7634,0,5779,1523,0,29,13413,1552,88.4,March 2021
North West ,BLACKPOOL TEACHING HOSPITALS NHS FOUNDATION TRUST,5254,0,8146,2409,0,0,13400,2409,82.0,March 2021
London,EPSOM AND ST HELIER UNIVERSITY HOSPITALS NHS TRUST,9917,289,152,887,0,0,10358,887,91.4,March 2021
Midlands ,NORTHAMPTON GENERAL HOSPITAL NHS TRUST,7153,654,1187,1746,1,0,8994,1747,80.6,March 2021
North East And Yorkshire ,SOUTH TYNESIDE AND SUNDERLAND NHS FOUNDATION TRUST,11090,1200,4423,1703,5,13,16713,1721,89.7,March 2021
South East ,BUCKINGHAMSHIRE HEALTHCARE NHS TRUST,5984,1053,2842,1705,0,5,9879,1710,82.7,March 2021
North East And Yorkshire ,MID YORKSHIRE HOSPITALS NHS TRUST,15658,0,3300,0,0,0,18958,0,100.0,March 2021
East Of England ,CAMBRIDGE UNIVERSITY HOSPITALS NHS FOUNDATION TRUST,7920,0,2448,0,0,0,10368,0,100.0,March 2021
Midlands ,KETTERING GENERAL HOSPITAL NHS FOUNDATION TRUST,6817,0,0,0,0,0,6817,0,100.0,March 2021
Midlands ,BIRMINGHAM WOMEN'S AND CHILDREN'S NHS FOUNDATION TRUST,4789,0,0,522,0,0,4789,522,89.1,March 2021
Midlands ,SHERWOOD FOREST HOSPITALS NHS FOUNDATION TRUST,8158,0,3461,648,0,48,11619,696,94.0,March 2021
North East And Yorkshire ,THE ROTHERHAM NHS FOUNDATION TRUST,6670,0,0,0,0,0,6670,0,100.0,March 2021
Midlands ,UNIVERSITY HOSPITALS OF NORTH MIDLANDS NHS TRUST,12500,383,6318,3456,0,62,19201,3518,81.7,March 2021
Midlands ,WORCESTERSHIRE ACUTE HOSPITALS NHS TRUST,10389,0,2936,2619,0,1,13325,2620,80.3,March 2021
Midlands ,WALSALL HEALTHCARE NHS TRUST,6278,0,3098,611,0,0,9376,611,93.5,March 2021
East Of England ,THE PRINCESS ALEXANDRA HOSPITAL NHS TRUST,8093,0,0,2390,0,0,8093,2390,70.5,March 2021
East Of England ,NORTH WEST ANGLIA NHS FOUNDATION TRUST,12703,0,0,3135,0,0,12703,3135,75.3,March 2021
North East And Yorkshire ,NORTHUMBRIA HEALTHCARE NHS FOUNDATION TRUST,7329,0,7690,581,0,18,15019,599,96.0,March 2021
North East And Yorkshire ,DONCASTER AND BASSETLAW TEACHING HOSPITALS NHS FOUNDATION TRUST,11461,0,2982,2269,0,0,14443,2269,84.3,March 2021
London,"BARKING, HAVERING AND REDBRIDGE UNIVERSITY HOSPITALS NHS TRUST",10876,543,8918,5188,0,546,20337,5734,71.8,March 2021
North East And Yorkshire ,NORTHERN LINCOLNSHIRE AND GOOLE NHS FOUNDATION TRUST,11366,0,343,3250,0,3,11709,3253,72.2,March 2021
South West ,NORTH BRISTOL NHS TRUST,6598,0,0,1301,0,0,6598,1301,80.3,March 2021
South West ,ROYAL UNITED HOSPITALS BATH NHS FOUNDATION TRUST,5522,0,497,979,0,5,6019,984,83.7,March 2021
South West ,GREAT WESTERN HOSPITALS NHS FOUNDATION TRUST,4608,0,3206,918,0,34,7814,952,87.8,March 2021
Midlands ,SOUTH WARWICKSHIRE NHS FOUNDATION TRUST,5272,0,0,609,0,0,5272,609,88.4,March 2021
London,LEWISHAM AND GREENWICH NHS TRUST,11049,0,8084,1295,0,128,19133,1423,92.6,March 2021
Midlands ,NOTTINGHAM UNIVERSITY HOSPITALS NHS TRUST,13177,1656,183,0,0,0,15016,0,100.0,March 2021
London,CHELSEA AND WESTMINSTER HOSPITAL NHS FOUNDATION TRUST,13554,0,7207,0,0,0,20761,0,100.0,March 2021
North East And Yorkshire ,BARNSLEY HOSPITAL NHS FOUNDATION TRUST,7500,0,0,1420,0,0,7500,1420,81.1,March 2021
Midlands ,UNIVERSITY HOSPITALS COVENTRY AND WARWICKSHIRE NHS TRUST,7231,1533,6182,2141,6,99,14946,2246,85.0,March 2021
East Of England ,WEST SUFFOLK NHS FOUNDATION TRUST,5411,0,307,0,0,0,5718,0,100.0,March 2021
North West ,TAMESIDE AND GLOSSOP INTEGRATED CARE NHS FOUNDATION TRUST,7826,0,1364,1402,0,0,9190,1402,84.7,March 2021
South East ,ISLE OF WIGHT NHS TRUST,2438,0,1511,153,0,0,3949,153,96.1,March 2021
London,THE HILLINGDON HOSPITALS NHS FOUNDATION TRUST,4594,0,4083,1085,0,66,8677,1151,86.7,March 2021
East Of England ,"THE QUEEN ELIZABETH HOSPITAL, KING'S LYNN, NHS FOUNDATION TRUST",5502,0,0,610,0,0,5502,610,88.9,March 2021
North West ,EAST CHESHIRE NHS TRUST,3573,0,0,787,0,0,3573,787,78.0,March 2021
South East ,MAIDSTONE AND TUNBRIDGE WELLS NHS TRUST,12738,0,1834,491,0,5,14572,496,96.6,March 2021
North West ,MANCHESTER UNIVERSITY NHS FOUNDATION TRUST,18277,2623,4419,4277,112,104,25319,4493,82.3,March 2021
Midlands ,UNIVERSITY HOSPITALS BIRMINGHAM NHS FOUNDATION TRUST,28578,0,598,9030,0,0,29176,9030,69.0,March 2021
North East And Yorkshire ,HULL UNIVERSITY TEACHING HOSPITALS NHS TRUST,9611,0,0,2810,0,0,9611,2810,70.8,March 2021
North West ,"WRIGHTINGTON, WIGAN AND LEIGH NHS FOUNDATION TRUST",8124,0,2983,1284,0,3,11107,1287,88.4,March 2021
North East And Yorkshire ,HARROGATE AND DISTRICT NHS FOUNDATION TRUST,3801,0,478,696,0,1,4279,697,83.7,March 2021
North East And Yorkshire ,LEEDS TEACHING HOSPITALS NHS TRUST,16703,0,4474,4657,0,0,21177,4657,78.0,March 2021
Midlands ,UNITED LINCOLNSHIRE HOSPITALS NHS TRUST,8343,0,7290,3973,0,408,15633,4381,72.0,March 2021
South East ,HAMPSHIRE HOSPITALS NHS FOUNDATION TRUST,9074,0,281,1007,0,0,9355,1007,89.2,March 2021
North East And Yorkshire ,NORTH TEES AND HARTLEPOOL NHS FOUNDATION TRUST,2896,0,8035,0,0,0,10931,0,100.0,March 2021
Midlands ,UNIVERSITY HOSPITALS OF DERBY AND BURTON NHS FOUNDATION TRUST,13564,0,10857,4173,0,145,24421,4318,82.3,March 2021
Midlands ,UNIVERSITY HOSPITALS OF LEICESTER NHS TRUST,16485,1417,0,5001,49,0,17902,5050,71.8,March 2021
East Of England ,BEDFORDSHIRE HOSPITALS NHS FOUNDATION TRUST,13389,0,4020,0,0,0,17409,0,100.0,March 2021
North East And Yorkshire ,THE NEWCASTLE UPON TYNE HOSPITALS NHS FOUNDATION TRUST,9946,1277,3841,1035,37,0,15064,1072,92.9,March 2021
East Of England ,MILTON KEYNES UNIVERSITY HOSPITAL NHS FOUNDATION TRUST,6289,0,3353,935,0,0,9642,935,90.3,March 2021
South West ,UNIVERSITY HOSPITALS PLYMOUTH NHS TRUST,7907,111,2914,0,0,0,10932,0,100.0,March 2021
North East And Yorkshire ,BRADFORD TEACHING HOSPITALS NHS FOUNDATION TRUST,10978,0,0,1602,0,0,10978,1602,85.4,March 2021
North West ,LIVERPOOL UNIVERSITY HOSPITALS NHS FOUNDATION TRUST,15720,304,938,3116,0,0,16962,3116,81.6,March 2021
North West ,ALDER HEY CHILDREN'S NHS FOUNDATION TRUST,4902,0,0,227,0,0,4902,227,95.4,March 2021
London,BARTS HEALTH NHS TRUST,20513,1036,12684,4556,1,105,34233,4662,86.4,March 2021
North West ,COUNTESS OF CHESTER HOSPITAL NHS FOUNDATION TRUST,5200,0,651,493,0,1,5851,494,91.6,March 2021
East Of England ,EAST AND NORTH HERTFORDSHIRE NHS TRUST,7942,0,4013,1767,0,0,11955,1767,85.2,March 2021
East Of England ,NORFOLK AND NORWICH UNIVERSITY HOSPITALS NHS FOUNDATION TRUST,9201,0,4355,3248,0,0,13556,3248,76.0,March 2021
London,LONDON NORTH WEST UNIVERSITY HEALTHCARE NHS TRUST,9725,0,14138,925,0,164,23863,1089,95.4,March 2021
North West ,UNIVERSITY HOSPITALS OF MORECAMBE BAY NHS FOUNDATION TRUST,7012,0,1533,1252,0,27,8545,1279,85.0,March 2021
North East And Yorkshire ,COUNTY DURHAM AND DARLINGTON NHS FOUNDATION TRUST,11131,0,2384,1271,0,0,13515,1271,90.6,March 2021
North West ,EAST LANCASHIRE HOSPITALS NHS TRUST,9567,0,5180,1904,0,232,14747,2136,85.5,March 2021
South East ,ROYAL SURREY COUNTY HOSPITAL NHS FOUNDATION TRUST,5107,0,0,591,0,0,5107,591,88.4,March 2021
South East ,ROYAL BERKSHIRE NHS FOUNDATION TRUST,9215,1883,0,1231,7,0,11098,1238,88.8,March 2021
South West ,ROYAL DEVON AND EXETER NHS FOUNDATION TRUST,6132,0,1486,1806,0,2,7618,1808,76.3,March 2021
London,GUY'S AND ST THOMAS' NHS FOUNDATION TRUST,9490,637,2454,881,0,1,12581,882,93.0,March 2021
South West ,UNIVERSITY HOSPITALS DORSET NHS FOUNDATION TRUST,10881,1118,1336,0,0,0,13335,0,100.0,March 2021
London,NORTH MIDDLESEX UNIVERSITY HOSPITAL NHS TRUST,8358,481,5478,2034,0,141,14317,2175,84.8,March 2021
South East ,ASHFORD AND ST PETER'S HOSPITALS NHS FOUNDATION TRUST,8554,0,0,1772,0,0,8554,1772,79.3,March 2021
South East ,OXFORD UNIVERSITY HOSPITALS NHS FOUNDATION TRUST,9951,1419,350,1381,0,0,11720,1381,88.2,March 2021
North East And Yorkshire ,YORK TEACHING HOSPITAL NHS FOUNDATION TRUST,9888,445,3942,2795,0,6,14275,2801,80.4,March 2021
East Of England ,MID AND SOUTH ESSEX NHS FOUNDATION TRUST,24427,0,2286,2170,0,43,26713,2213,91.7,March 2021
North West ,MID CHESHIRE HOSPITALS NHS FOUNDATION TRUST,6203,0,1388,1670,0,7,7591,1677,77.9,March 2021
South East ,BRIGHTON AND SUSSEX UNIVERSITY HOSPITALS NHS TRUST,5906,1403,5379,1763,0,468,12688,2231,82.4,March 2021
North West ,ST HELENS AND KNOWSLEY TEACHING HOSPITALS NHS TRUST,9796,0,4346,2580,0,4,14142,2584,81.7,March 2021
North West ,BOLTON NHS FOUNDATION TRUST,8973,0,673,2466,0,79,9646,2545,73.6,March 2021
North East And Yorkshire ,SOUTH TEES HOSPITALS NHS FOUNDATION TRUST,8159,0,3163,1777,0,6,11322,1783,84.3,March 2021
London,IMPERIAL COLLEGE HEALTHCARE NHS TRUST,9635,3303,6345,0,0,0,19283,0,100.0,March 2021
East Of England ,EAST SUFFOLK AND NORTH ESSEX NHS FOUNDATION TRUST,11887,0,4420,905,0,17,16307,922,94.3,March 2021
London,CROYDON HEALTH SERVICES NHS TRUST,9643,0,5367,2012,0,0,15010,2012,86.6,March 2021
North East And Yorkshire ,NORTH CUMBRIA INTEGRATED CARE NHS FOUNDATION TRUST,6493,0,836,1115,0,2,7329,1117,84.8,March 2021
South West ,UNIVERSITY HOSPITALS BRISTOL AND WESTON NHS FOUNDATION TRUST,11879,1709,0,3185,39,0,13588,3224,76.3,March 2021
Midlands ,THE ROYAL WOLVERHAMPTON NHS TRUST,11650,0,3886,2113,0,49,15536,2162,86.1,March 2021
London,KINGSTON HOSPITAL NHS FOUNDATION TRUST,5134,0,2412,1214,0,10,7546,1224,83.8,March 2021
North West ,SALFORD ROYAL NHS FOUNDATION TRUST,7902,0,428,1827,0,0,8330,1827,78.1,March 2021
South East ,WESTERN SUSSEX HOSPITALS NHS FOUNDATION TRUST,8463,0,1795,1002,0,26,10258,1028,90.0,March 2021
South East ,DARTFORD AND GRAVESHAM NHS TRUST,8559,0,1284,722,0,0,9843,722,92.7,March 2021
South East ,EAST KENT HOSPITALS UNIVERSITY NHS FOUNDATION TRUST,13686,0,2520,3320,0,1,16206,3321,79.5,March 2021
London,WHITTINGTON HEALTH NHS TRUST,8890,0,0,1105,0,0,8890,1105,87.6,March 2021
North West ,STOCKPORT NHS FOUNDATION TRUST,7702,0,0,1777,0,0,7702,1777,76.9,March 2021
North East And Yorkshire ,AIREDALE NHS FOUNDATION TRUST,5049,405,0,658,0,0,5454,658,87.9,March 2021
South West ,TORBAY AND SOUTH DEVON NHS FOUNDATION TRUST,4726,0,1929,1216,0,0,6655,1216,81.7,March 2021
South West ,SOMERSET NHS FOUNDATION TRUST,5593,0,5807,1148,0,36,11400,1184,89.6,March 2021
South West ,GLOUCESTERSHIRE HOSPITALS NHS FOUNDATION TRUST,8605,0,2042,2679,0,13,10647,2692,74.7,March 2021
South East ,EAST SUSSEX HEALTHCARE NHS TRUST,7980,0,773,803,0,0,8753,803,90.8,March 2021
London,KING'S COLLEGE HOSPITAL NHS FOUNDATION TRUST,12183,0,6541,3395,0,417,18724,3812,79.6,March 2021
East Of England ,JAMES PAGET UNIVERSITY HOSPITALS NHS FOUNDATION TRUST,5504,0,0,849,0,0,5504,849,84.6,March 2021
Midlands ,THE SHREWSBURY AND TELFORD HOSPITAL NHS TRUST,9379,0,711,2896,0,16,10090,2912,71.1,March 2021
South East ,FRIMLEY HEALTH NHS FOUNDATION TRUST,15823,0,0,0,0,0,15823,0,100.0,March 2021
North West ,WARRINGTON AND HALTON TEACHING HOSPITALS NHS FOUNDATION TRUST,6518,0,1835,1704,0,4,8353,1708,79.6,March 2021
North West ,PENNINE ACUTE HOSPITALS NHS TRUST,22024,0,3764,6091,0,126,25788,6217,75.9,March 2021
North West ,WIRRAL UNIVERSITY TEACHING HOSPITAL NHS FOUNDATION TRUST,7082,0,1484,1933,0,0,8566,1933,77.4,March 2021
London,ROYAL FREE LONDON NHS FOUNDATION TRUST,16803,0,2920,2283,0,0,19723,2283,88.4,March 2021
North East And Yorkshire ,SHEFFIELD TEACHING HOSPITALS NHS FOUNDATION TRUST,9480,693,4232,3146,0,10,14405,3156,78.1,March 2021
Midlands ,GEORGE ELIOT HOSPITAL NHS TRUST,5028,0,1471,585,0,2,6499,587,91.0,March 2021
North West ,LANCASHIRE TEACHING HOSPITALS NHS FOUNDATION TRUST,5843,0,6882,2228,0,185,12725,2413,81.0,March 2021
South West ,DORSET COUNTY HOSPITAL NHS FOUNDATION TRUST,3859,0,3715,733,0,1,7574,734,90.3,March 2021
Total,TOTAL,1128679,35528,458095,200932,558,4671,1622302,206161,87.3,March 2021
North East And Yorkshire ,BARNSLEY HOSPITAL NHS FOUNDATION TRUST,8537,0,0,3176,0,0,8537,3176,62.8,March 2022
South West ,NORTHERN DEVON HEALTHCARE NHS TRUST,4279,0,0,1291,0,0,4279,1291,69.8,March 2022
South West ,ROYAL CORNWALL HOSPITALS NHS TRUST,5119,0,9536,2880,0,315,14655,3195,78.2,March 2022
South East ,PORTSMOUTH HOSPITALS UNIVERSITY NATIONAL HEALTH SERVICE TRUST,8445,671,2325,0,0,0,11441,0,100.0,March 2022
North West ,COUNTESS OF CHESTER HOSPITAL NHS FOUNDATION TRUST,7043,0,720,2922,0,4,7763,2926,62.3,March 2022
North East And Yorkshire ,GATESHEAD HEALTH NHS FOUNDATION TRUST,5764,0,3358,2054,0,25,9122,2079,77.2,March 2022
Midlands ,BIRMINGHAM WOMEN'S AND CHILDREN'S NHS FOUNDATION TRUST,6001,0,0,1065,0,0,6001,1065,82.3,March 2022
London,UNIVERSITY COLLEGE LONDON HOSPITALS NHS FOUNDATION TRUST,12429,0,0,3915,0,0,12429,3915,68.5,March 2022
Midlands ,WYE VALLEY NHS TRUST,5930,0,0,2416,0,0,5930,2416,59.3,March 2022
London,KING'S COLLEGE HOSPITAL NHS FOUNDATION TRUST,15102,0,9608,7788,0,2006,24710,9794,60.4,March 2022
South East ,SURREY AND SUSSEX HEALTHCARE NHS TRUST,10299,0,866,3031,0,0,11165,3031,72.9,March 2022
South West ,UNIVERSITY HOSPITALS DORSET NHS FOUNDATION TRUST,13408,1081,1215,0,0,0,15704,0,100.0,March 2022
North East And Yorkshire ,BRADFORD TEACHING HOSPITALS NHS FOUNDATION TRUST,11381,0,1149,3251,0,3,12530,3254,74.0,March 2022
South East ,FRIMLEY HEALTH NHS FOUNDATION TRUST,19737,0,0,0,0,0,19737,0,100.0,March 2022
East Of England ,JAMES PAGET UNIVERSITY HOSPITALS NHS FOUNDATION TRUST,6083,0,1143,2630,0,1,7226,2631,63.6,March 2022
South West ,SOMERSET NHS FOUNDATION TRUST,6626,0,8521,3351,0,162,15147,3513,76.8,March 2022
North East And Yorkshire ,CALDERDALE AND HUDDERSFIELD NHS FOUNDATION TRUST,15416,0,0,4001,0,0,15416,4001,74.0,March 2022
North East And Yorkshire ,SOUTH TYNESIDE AND SUNDERLAND NHS FOUNDATION TRUST,11808,1426,6936,4227,22,387,20170,4636,77.0,March 2022
South West ,TORBAY AND SOUTH DEVON NHS FOUNDATION TRUST,5041,0,2725,3179,0,27,7766,3206,58.7,March 2022
London,THE HILLINGDON HOSPITALS NHS FOUNDATION TRUST,6019,0,6136,3029,0,559,12155,3588,70.5,March 2022
Midlands ,WALSALL HEALTHCARE NHS TRUST,7944,0,3699,2743,0,138,11643,2881,75.3,March 2022
North West ,ALDER HEY CHILDREN'S NHS FOUNDATION TRUST,6339,0,0,2272,0,0,6339,2272,64.2,March 2022
North East And Yorkshire ,SHEFFIELD CHILDREN'S NHS FOUNDATION TRUST,5383,0,298,494,0,0,5681,494,91.3,March 2022
South West ,ROYAL DEVON AND EXETER NHS FOUNDATION TRUST,7300,0,2786,3465,0,3,10086,3468,65.6,March 2022
Midlands ,SOUTH WARWICKSHIRE NHS FOUNDATION TRUST,7263,0,0,2298,0,0,7263,2298,68.4,March 2022
Midlands ,UNIVERSITY HOSPITALS COVENTRY AND WARWICKSHIRE NHS TRUST,11855,1646,7037,5896,87,172,20538,6155,70.0,March 2022
North East And Yorkshire ,NORTH CUMBRIA INTEGRATED CARE NHS FOUNDATION TRUST,8546,0,1647,3282,0,4,10193,3286,67.8,March 2022
North East And Yorkshire ,DONCASTER AND BASSETLAW TEACHING HOSPITALS NHS FOUNDATION TRUST,13439,0,3746,5090,0,1,17185,5091,70.4,March 2022
North East And Yorkshire ,LEEDS TEACHING HOSPITALS NHS TRUST,18629,0,10824,9154,0,0,29453,9154,68.9,March 2022
Midlands ,WORCESTERSHIRE ACUTE HOSPITALS NHS TRUST,12181,0,4893,5945,0,7,17074,5952,65.1,March 2022
North West ,EAST LANCASHIRE HOSPITALS NHS TRUST,10971,0,6969,4859,0,646,17940,5505,69.3,March 2022
East Of England ,BEDFORDSHIRE HOSPITALS NHS FOUNDATION TRUST,16809,0,5262,0,0,0,22071,0,100.0,March 2022
East Of England ,NORTH WEST ANGLIA NHS FOUNDATION TRUST,12000,0,5106,7482,0,1350,17106,8832,48.4,March 2022
North West ,EAST CHESHIRE NHS TRUST,4629,0,0,2108,0,0,4629,2108,54.5,March 2022
Midlands ,SHERWOOD FOREST HOSPITALS NHS FOUNDATION TRUST,10196,0,5044,2572,0,455,15240,3027,80.1,March 2022
Midlands ,THE ROYAL WOLVERHAMPTON NHS TRUST,13490,0,6649,3981,0,462,20139,4443,77.9,March 2022
Midlands ,GEORGE ELIOT HOSPITAL NHS TRUST,5931,0,1532,1842,0,38,7463,1880,74.8,March 2022
East Of England ,NORFOLK AND NORWICH UNIVERSITY HOSPITALS NHS FOUNDATION TRUST,10369,0,8101,6074,0,1,18470,6075,67.1,March 2022
South East ,HAMPSHIRE HOSPITALS NHS FOUNDATION TRUST,11644,0,273,4480,0,0,11917,4480,62.4,March 2022
South West ,SALISBURY NHS FOUNDATION TRUST,4138,287,1536,1456,0,0,5961,1456,75.6,March 2022
South East ,MEDWAY NHS FOUNDATION TRUST,8355,0,6432,3407,0,979,14787,4386,70.3,March 2022
North West ,"WRIGHTINGTON, WIGAN AND LEIGH NHS FOUNDATION TRUST",9113,0,5052,4208,0,33,14165,4241,70.1,March 2022
North East And Yorkshire ,THE NEWCASTLE UPON TYNE HOSPITALS NHS FOUNDATION TRUST,13035,1563,6256,3733,84,0,20854,3817,81.7,March 2022
North East And Yorkshire ,NORTHUMBRIA HEALTHCARE NHS FOUNDATION TRUST,8987,0,10089,1614,0,293,19076,1907,90.0,March 2022
Midlands ,UNIVERSITY HOSPITALS OF DERBY AND BURTON NHS FOUNDATION TRUST,16553,0,13346,9223,0,2112,29899,11335,62.1,March 2022
South East ,ASHFORD AND ST PETER'S HOSPITALS NHS FOUNDATION TRUST,10618,0,0,3855,0,0,10618,3855,63.7,March 2022
North East And Yorkshire ,SOUTH TEES HOSPITALS NHS FOUNDATION TRUST,10531,0,4912,4511,0,45,15443,4556,70.5,March 2022
North East And Yorkshire ,NORTH TEES AND HARTLEPOOL NHS FOUNDATION TRUST,3809,0,10854,0,0,0,14663,0,100.0,March 2022
Midlands ,UNIVERSITY HOSPITALS OF LEICESTER NHS TRUST,21182,1816,0,10167,110,0,22998,10277,55.3,March 2022
Midlands ,NOTTINGHAM UNIVERSITY HOSPITALS NHS TRUST,16258,1687,190,0,0,0,18135,0,100.0,March 2022
North East And Yorkshire ,MID YORKSHIRE HOSPITALS NHS TRUST,19164,0,4600,0,0,0,23764,0,100.0,March 2022
Midlands ,THE SHREWSBURY AND TELFORD HOSPITAL NHS TRUST,10811,0,1878,5694,0,167,12689,5861,53.8,March 2022
South East ,ISLE OF WIGHT NHS TRUST,3233,0,2038,1302,0,0,5271,1302,75.3,March 2022
London,LONDON NORTH WEST UNIVERSITY HEALTHCARE NHS TRUST,12046,0,16727,5649,0,2480,28773,8129,71.7,March 2022
South East ,ROYAL SURREY COUNTY HOSPITAL NHS FOUNDATION TRUST,6462,0,41,2263,0,1,6503,2264,65.2,March 2022
South West ,YEOVIL DISTRICT HOSPITAL NHS FOUNDATION TRUST,5247,0,0,1171,0,0,5247,1171,77.7,March 2022
East Of England ,MID AND SOUTH ESSEX NHS FOUNDATION TRUST,30647,0,2234,10444,0,270,32881,10714,67.4,March 2022
London,NORTH MIDDLESEX UNIVERSITY HOSPITAL NHS TRUST,8796,499,7765,4285,12,1172,17060,5469,67.9,March 2022
North West ,MID CHESHIRE HOSPITALS NHS FOUNDATION TRUST,7284,0,2455,4266,0,35,9739,4301,55.8,March 2022
North East And Yorkshire ,YORK AND SCARBOROUGH TEACHING HOSPITALS NHS FOUNDATION TRUST,9429,410,8107,4877,0,435,17946,5312,70.4,March 2022
North East And Yorkshire ,HARROGATE AND DISTRICT NHS FOUNDATION TRUST,4876,0,691,2123,0,0,5567,2123,61.9,March 2022
East Of England ,EAST SUFFOLK AND NORTH ESSEX NHS FOUNDATION TRUST,14310,0,9542,6108,0,66,23852,6174,74.1,March 2022
North West ,LIVERPOOL UNIVERSITY HOSPITALS NHS FOUNDATION TRUST,17810,238,8264,8774,0,0,26312,8774,66.7,March 2022
South East ,UNIVERSITY HOSPITAL SOUTHAMPTON NHS FOUNDATION TRUST,10975,1326,0,3937,53,0,12301,3990,67.6,March 2022
North East And Yorkshire ,SHEFFIELD TEACHING HOSPITALS NHS FOUNDATION TRUST,9154,890,7590,4962,0,162,17634,5124,70.9,March 2022
London,ST GEORGE'S UNIVERSITY HOSPITALS NHS FOUNDATION TRUST,11241,0,1049,3509,0,0,12290,3509,71.4,March 2022
Midlands ,UNIVERSITY HOSPITALS OF NORTH MIDLANDS NHS TRUST,13482,432,7385,8138,0,287,21299,8425,60.4,March 2022
South West ,UNIVERSITY HOSPITALS PLYMOUTH NHS TRUST,7855,162,3607,0,0,0,11624,0,100.0,March 2022
North West ,NORTHERN CARE ALLIANCE NHS FOUNDATION TRUST,25910,0,5844,12585,0,271,31754,12856,59.5,March 2022
South West ,GREAT WESTERN HOSPITALS NHS FOUNDATION TRUST,5466,0,4002,2359,0,164,9468,2523,73.4,March 2022
South East ,DARTFORD AND GRAVESHAM NHS TRUST,11399,0,3243,3097,0,6,14642,3103,78.8,March 2022
Midlands ,THE DUDLEY GROUP NHS FOUNDATION TRUST,9825,0,4959,3453,0,282,14784,3735,74.7,March 2022
Midlands ,UNIVERSITY HOSPITALS BIRMINGHAM NHS FOUNDATION TRUST,33905,0,1061,17249,0,0,34966,17249,50.7,March 2022
South West ,GLOUCESTERSHIRE HOSPITALS NHS FOUNDATION TRUST,11940,0,0,5164,0,0,11940,5164,56.8,March 2022
South West ,NORTH BRISTOL NHS TRUST,8145,0,0,3883,0,0,8145,3883,52.3,March 2022
North West ,SOUTHPORT AND ORMSKIRK HOSPITAL NHS TRUST,8179,0,2315,2703,0,0,10494,2703,74.2,March 2022
North East And Yorkshire ,HULL UNIVERSITY TEACHING HOSPITALS NHS TRUST,11031,0,0,5681,0,0,11031,5681,48.5,March 2022
Midlands ,UNITED LINCOLNSHIRE HOSPITALS NHS TRUST,11527,0,5960,6006,0,694,17487,6700,61.7,March 2022
South East ,EAST SUSSEX HEALTHCARE NHS TRUST,9525,0,1487,3825,0,63,11012,3888,64.7,March 2022
Midlands ,SANDWELL AND WEST BIRMINGHAM HOSPITALS NHS TRUST,14166,1072,11220,6128,155,187,26458,6470,75.5,March 2022
North West ,LANCASHIRE TEACHING HOSPITALS NHS FOUNDATION TRUST,6814,0,8371,3540,0,419,15185,3959,73.9,March 2022
South East ,UNIVERSITY HOSPITALS SUSSEX NHS FOUNDATION TRUST,19832,1388,6892,10319,5,2333,28112,12657,55.0,March 2022
South West ,UNIVERSITY HOSPITALS BRISTOL AND WESTON NHS FOUNDATION TRUST,14709,2029,0,6043,106,0,16738,6149,63.3,March 2022
London,ROYAL FREE LONDON NHS FOUNDATION TRUST,23027,0,4632,9294,0,6,27659,9300,66.4,March 2022
London,KINGSTON HOSPITAL NHS FOUNDATION TRUST,5134,0,2412,1214,0,10,7546,1224,83.8,March 2022
North East And Yorkshire ,AIREDALE NHS FOUNDATION TRUST,6302,20,310,2410,0,0,6632,2410,63.7,March 2022
South West ,ROYAL UNITED HOSPITALS BATH NHS FOUNDATION TRUST,7661,0,0,3502,0,0,7661,3502,54.3,March 2022
East Of England ,MILTON KEYNES UNIVERSITY HOSPITAL NHS FOUNDATION TRUST,8416,0,5100,2544,0,72,13516,2616,80.6,March 2022
North East And Yorkshire ,THE ROTHERHAM NHS FOUNDATION TRUST,7860,0,0,0,0,0,7860,0,100.0,March 2022
East Of England ,WEST SUFFOLK NHS FOUNDATION TRUST,7018,0,399,0,0,0,7417,0,100.0,March 2022
London,GUY'S AND ST THOMAS' NHS FOUNDATION TRUST,13454,709,4005,4353,0,2,18168,4355,76.0,March 2022
London,LEWISHAM AND GREENWICH NHS TRUST,15137,0,10945,5825,0,1534,26082,7359,71.8,March 2022
North West ,BOLTON NHS FOUNDATION TRUST,10787,0,1458,4824,0,100,12245,4924,59.8,March 2022
North West ,TAMESIDE AND GLOSSOP INTEGRATED CARE NHS FOUNDATION TRUST,8425,0,2101,3859,0,0,10526,3859,63.3,March 2022
London,CHELSEA AND WESTMINSTER HOSPITAL NHS FOUNDATION TRUST,19495,0,10058,0,0,0,29553,0,100.0,March 2022
London,HOMERTON UNIVERSITY HOSPITAL NHS FOUNDATION TRUST,10378,0,0,1735,0,0,10378,1735,83.3,March 2022
North West ,UNIVERSITY HOSPITALS OF MORECAMBE BAY NHS FOUNDATION TRUST,8339,0,2416,3149,0,71,10755,3220,70.1,March 2022
London,EPSOM AND ST HELIER UNIVERSITY HOSPITALS NHS TRUST,13991,283,234,3410,0,0,14508,3410,76.5,March 2022
East Of England ,WEST HERTFORDSHIRE TEACHING HOSPITALS NHS TRUST,7915,0,6624,5109,0,1043,14539,6152,57.7,March 2022
East Of England ,EAST AND NORTH HERTFORDSHIRE NHS TRUST,10310,0,5978,5532,0,0,16288,5532,66.0,March 2022
North West ,STOCKPORT NHS FOUNDATION TRUST,10004,0,0,3739,0,0,10004,3739,62.6,March 2022
London,IMPERIAL COLLEGE HEALTHCARE NHS TRUST,12624,3770,6872,0,0,0,23266,0,100.0,March 2022
London,WHITTINGTON HEALTH NHS TRUST,9765,0,0,2792,0,0,9765,2792,71.4,March 2022
North West ,MANCHESTER UNIVERSITY NHS FOUNDATION TRUST,30795,2972,6701,15380,38,792,40468,16210,59.9,March 2022
North West ,WIRRAL UNIVERSITY TEACHING HOSPITAL NHS FOUNDATION TRUST,8422,0,2604,4274,0,47,11026,4321,60.8,March 2022
East Of England ,CAMBRIDGE UNIVERSITY HOSPITALS NHS FOUNDATION TRUST,10116,0,5662,0,0,0,15778,0,100.0,March 2022
South East ,OXFORD UNIVERSITY HOSPITALS NHS FOUNDATION TRUST,11831,1501,434,4954,0,11,13766,4965,63.9,March 2022
South East ,BUCKINGHAMSHIRE HEALTHCARE NHS TRUST,9182,1200,2681,3917,0,38,13063,3955,69.7,March 2022
North West ,ST HELENS AND KNOWSLEY TEACHING HOSPITALS NHS TRUST,10276,0,5319,5396,0,174,15595,5570,64.3,March 2022
North West ,BLACKPOOL TEACHING HOSPITALS NHS FOUNDATION TRUST,8940,0,9965,4318,0,21,18905,4339,77.0,March 2022
North East And Yorkshire ,COUNTY DURHAM AND DARLINGTON NHS FOUNDATION TRUST,13097,0,4437,4962,0,0,17534,4962,71.7,March 2022
North West ,WARRINGTON AND HALTON TEACHING HOSPITALS NHS FOUNDATION TRUST,7893,0,2817,3274,0,120,10710,3394,68.3,March 2022
London,BARTS HEALTH NHS TRUST,25520,879,19663,10698,6,2146,46062,12850,72.1,March 2022
South East ,ROYAL BERKSHIRE NHS FOUNDATION TRUST,11533,2215,0,3774,51,0,13748,3825,72.2,March 2022
Midlands ,NORTHAMPTON GENERAL HOSPITAL NHS TRUST,9299,714,1770,4169,2,0,11783,4171,64.6,March 2022
Midlands ,KETTERING GENERAL HOSPITAL NHS FOUNDATION TRUST,8805,0,0,0,0,0,8805,0,100.0,March 2022
London,CROYDON HEALTH SERVICES NHS TRUST,12881,0,3940,4159,0,0,16821,4159,75.3,March 2022
East Of England ,THE PRINCESS ALEXANDRA HOSPITAL NHS TRUST,10573,0,0,4147,0,0,10573,4147,60.8,March 2022
North East And Yorkshire ,NORTHERN LINCOLNSHIRE AND GOOLE NHS FOUNDATION TRUST,13182,0,0,5016,0,0,13182,5016,61.9,March 2022
South East ,MAIDSTONE AND TUNBRIDGE WELLS NHS TRUST,16795,0,2922,3512,0,29,19717,3541,82.0,March 2022
South West ,DORSET COUNTY HOSPITAL NHS FOUNDATION TRUST,3954,0,0,1868,0,0,3954,1868,52.8,March 2022
Midlands ,CHESTERFIELD ROYAL HOSPITAL NHS FOUNDATION TRUST,2900,0,5774,949,0,712,8674,1661,80.9,March 2022
London,"BARKING, HAVERING AND REDBRIDGE UNIVERSITY HOSPITALS NHS TRUST",12759,2258,12365,8725,309,1304,27382,10338,62.2,March 2022
South East ,EAST KENT HOSPITALS UNIVERSITY NHS FOUNDATION TRUST,17998,0,4510,7471,0,32,22508,7503,66.7,March 2022
East Of England ,"THE QUEEN ELIZABETH HOSPITAL, KING'S LYNN, NHS FOUNDATION TRUST",7021,0,0,3008,0,0,7021,3008,57.2,March 2022
Total,TOTAL,1386973,41783,671280,507216,1157,33315,2100036,541688,74.2,March 2022
North East And Yorkshire ,CALDERDALE AND HUDDERSFIELD NHS FOUNDATION TRUST,14376,0,0,4895,0,0,14376,4895,66.0,March 2023
North East And Yorkshire ,BARNSLEY HOSPITAL NHS FOUNDATION TRUST,7657,0,0,2931,0,0,7657,2931,61.7,March 2023
Midlands ,THE ROYAL WOLVERHAMPTON NHS TRUST,12914,0,6869,4691,0,179,19783,4870,75.4,March 2023
Midlands ,UNIVERSITY HOSPITALS OF DERBY AND BURTON NHS FOUNDATION TRUST,15766,0,12829,9700,0,1545,28595,11245,60.7,March 2023
North East And Yorkshire ,NORTH TEES AND HARTLEPOOL NHS FOUNDATION TRUST,4212,0,10998,0,0,0,15210,0,100.0,March 2023
North West ,BLACKPOOL TEACHING HOSPITALS NHS FOUNDATION TRUST,8366,0,11399,3841,0,62,19765,3903,80.3,March 2023
South East ,ROYAL SURREY COUNTY HOSPITAL NHS FOUNDATION TRUST,6288,0,0,2458,0,0,6288,2458,60.9,March 2023
East Of England ,WEST SUFFOLK NHS FOUNDATION TRUST,6684,0,773,0,0,0,7457,0,100.0,March 2023
Midlands ,WYE VALLEY NHS TRUST,5835,0,0,2670,0,0,5835,2670,54.2,March 2023
North East And Yorkshire ,GATESHEAD HEALTH NHS FOUNDATION TRUST,5922,0,2839,2355,0,35,8761,2390,72.7,March 2023
South East ,MAIDSTONE AND TUNBRIDGE WELLS NHS TRUST,18313,0,2147,2968,0,46,20460,3014,85.3,March 2023
East Of England ,WEST HERTFORDSHIRE TEACHING HOSPITALS NHS TRUST,8225,0,6310,4654,0,293,14535,4947,66.0,March 2023
South East ,BUCKINGHAMSHIRE HEALTHCARE NHS TRUST,9914,1265,3256,4168,0,167,14435,4335,70.0,March 2023
North East And Yorkshire ,SOUTH TYNESIDE AND SUNDERLAND NHS FOUNDATION TRUST,11655,1586,5565,5127,21,137,18806,5285,71.9,March 2023
South West ,UNIVERSITY HOSPITALS DORSET NHS FOUNDATION TRUST,12957,0,0,0,0,0,12957,0,100.0,March 2023
South West ,YEOVIL DISTRICT HOSPITAL NHS FOUNDATION TRUST,5486,0,0,1615,0,0,5486,1615,70.6,March 2023
North East And Yorkshire ,HULL UNIVERSITY TEACHING HOSPITALS NHS TRUST,10439,0,0,5751,0,0,10439,5751,44.9,March 2023
Midlands ,UNIVERSITY HOSPITALS OF LEICESTER NHS TRUST,20349,1834,0,9704,91,0,22183,9795,55.8,March 2023
South West ,TORBAY AND SOUTH DEVON NHS FOUNDATION TRUST,5623,0,2945,3518,0,85,8568,3603,57.9,March 2023
London,KINGSTON HOSPITAL NHS FOUNDATION TRUST,7431,0,2868,3706,0,262,10299,3968,61.5,March 2023
South West ,ROYAL CORNWALL HOSPITALS NHS TRUST,5663,0,10501,3322,0,411,16164,3733,76.9,March 2023
North West ,EAST CHESHIRE NHS TRUST,4113,0,0,1891,0,0,4113,1891,54.0,March 2023
Midlands ,NOTTINGHAM UNIVERSITY HOSPITALS NHS TRUST,15727,2276,342,0,0,0,18345,0,100.0,March 2023
Midlands ,WALSALL HEALTHCARE NHS TRUST,7638,0,4131,3067,0,52,11769,3119,73.5,March 2023
London,"BARKING, HAVERING AND REDBRIDGE UNIVERSITY HOSPITALS NHS TRUST",12176,2436,14272,7983,363,4281,28884,12627,56.3,March 2023
North West ,BOLTON NHS FOUNDATION TRUST,8967,0,1869,3428,0,339,10836,3767,65.2,March 2023
Midlands ,BIRMINGHAM WOMEN'S AND CHILDREN'S NHS FOUNDATION TRUST,5101,0,0,1100,0,0,5101,1100,78.4,March 2023
North West ,"WRIGHTINGTON, WIGAN AND LEIGH NHS FOUNDATION TRUST",8367,0,4440,4303,0,9,12807,4312,66.3,March 2023
South East ,SURREY AND SUSSEX HEALTHCARE NHS TRUST,9184,0,1072,3342,0,62,10256,3404,66.8,March 2023
North West ,SOUTHPORT AND ORMSKIRK HOSPITAL NHS TRUST,7558,0,2721,2709,0,0,10279,2709,73.6,March 2023
Midlands ,WORCESTERSHIRE ACUTE HOSPITALS NHS TRUST,11805,0,5585,6197,0,5,17390,6202,64.3,March 2023
North East And Yorkshire ,BRADFORD TEACHING HOSPITALS NHS FOUNDATION TRUST,10539,0,1262,3298,0,3,11801,3301,72.0,March 2023
East Of England ,MID AND SOUTH ESSEX NHS FOUNDATION TRUST,30291,0,2060,11847,0,100,32351,11947,63.1,March 2023
North West ,MID CHESHIRE HOSPITALS NHS FOUNDATION TRUST,7020,0,2605,3834,0,36,9625,3870,59.8,March 2023
South East ,FRIMLEY HEALTH NHS FOUNDATION TRUST,19770,0,0,0,0,0,19770,0,100.0,March 2023
Midlands ,CHESTERFIELD ROYAL HOSPITAL NHS FOUNDATION TRUST,5536,0,2448,3137,0,229,7984,3366,57.8,March 2023
East Of England ,CAMBRIDGE UNIVERSITY HOSPITALS NHS FOUNDATION TRUST,10272,0,5988,0,0,0,16260,0,100.0,March 2023
South West ,ROYAL DEVON UNIVERSITY HEALTHCARE NHS FOUNDATION TRUST,11083,0,2674,5456,0,53,13757,5509,60.0,March 2023
London,LEWISHAM AND GREENWICH NHS TRUST,13930,0,12323,7455,0,1498,26253,8953,65.9,March 2023
London,ST GEORGE'S UNIVERSITY HOSPITALS NHS FOUNDATION TRUST,8761,0,2958,2630,0,0,11719,2630,77.6,March 2023
East Of England ,NORFOLK AND NORWICH UNIVERSITY HOSPITALS NHS FOUNDATION TRUST,10339,0,8646,4536,0,1,18985,4537,76.1,March 2023
Midlands ,KETTERING GENERAL HOSPITAL NHS FOUNDATION TRUST,9187,0,0,0,0,0,9187,0,100.0,March 2023
North East And Yorkshire ,DONCASTER AND BASSETLAW TEACHING HOSPITALS NHS FOUNDATION TRUST,12715,0,3200,5488,0,0,15915,5488,65.5,March 2023
North East And Yorkshire ,THE NEWCASTLE UPON TYNE HOSPITALS NHS FOUNDATION TRUST,12254,1677,5571,4928,51,0,19502,4979,74.5,March 2023
North West ,MANCHESTER UNIVERSITY NHS FOUNDATION TRUST,24025,3381,10180,13198,113,639,37586,13950,62.9,March 2023
London,LONDON NORTH WEST UNIVERSITY HEALTHCARE NHS TRUST,12898,0,13564,6175,0,430,26462,6605,75.0,March 2023
South West ,DORSET COUNTY HOSPITAL NHS FOUNDATION TRUST,3998,0,0,1895,0,0,3998,1895,52.6,March 2023
North West ,ST HELENS AND KNOWSLEY TEACHING HOSPITALS NHS TRUST,9905,0,4604,5154,0,118,14509,5272,63.7,March 2023
North West ,ALDER HEY CHILDREN'S NHS FOUNDATION TRUST,6049,0,0,1350,0,0,6049,1350,77.7,March 2023
North East And Yorkshire ,YORK AND SCARBOROUGH TEACHING HOSPITALS NHS FOUNDATION TRUST,9583,427,8579,5271,0,476,18589,5747,69.1,March 2023
North West ,LIVERPOOL UNIVERSITY HOSPITALS NHS FOUNDATION TRUST,16965,197,8538,7586,0,650,25700,8236,68.0,March 2023
East Of England ,NORTH WEST ANGLIA NHS FOUNDATION TRUST,12312,0,4593,5778,0,555,16905,6333,62.5,March 2023
South East ,ROYAL BERKSHIRE NHS FOUNDATION TRUST,11847,2786,0,4220,63,0,14633,4283,70.7,March 2023
London,GUY'S AND ST THOMAS' NHS FOUNDATION TRUST,12733,852,2435,4499,0,5,16020,4504,71.9,March 2023
Midlands ,UNIVERSITY HOSPITALS OF NORTH MIDLANDS NHS TRUST,13156,507,7698,6876,0,159,21361,7035,67.1,March 2023
North East And Yorkshire ,NORTHERN LINCOLNSHIRE AND GOOLE NHS FOUNDATION TRUST,13569,0,0,5898,0,0,13569,5898,56.5,March 2023
North West ,COUNTESS OF CHESTER HOSPITAL NHS FOUNDATION TRUST,6442,0,318,2911,0,6,6760,2917,56.8,March 2023
London,KING'S COLLEGE HOSPITAL NHS FOUNDATION TRUST,14959,0,8179,7938,0,1282,23138,9220,60.2,March 2023
Midlands ,SHERWOOD FOREST HOSPITALS NHS FOUNDATION TRUST,10087,0,5207,3756,0,338,15294,4094,73.2,March 2023
South West ,UNIVERSITY HOSPITALS PLYMOUTH NHS TRUST,8302,252,3877,0,0,0,12431,0,100.0,March 2023
Midlands ,GEORGE ELIOT HOSPITAL NHS TRUST,6010,0,1472,2097,0,47,7482,2144,71.3,March 2023
South East ,HAMPSHIRE HOSPITALS NHS FOUNDATION TRUST,11903,0,303,4384,0,0,12206,4384,64.1,March 2023
South East ,DARTFORD AND GRAVESHAM NHS TRUST,11875,0,3982,3297,0,60,15857,3357,78.8,March 2023
Midlands ,THE DUDLEY GROUP NHS FOUNDATION TRUST,9402,0,4623,4052,0,316,14025,4368,68.9,March 2023
South West ,SALISBURY NHS FOUNDATION TRUST,4059,312,1679,1618,0,0,6050,1618,73.3,March 2023
North East And Yorkshire ,LEEDS TEACHING HOSPITALS NHS TRUST,17274,0,11514,7591,0,21,28788,7612,73.6,March 2023
Midlands ,UNIVERSITY HOSPITALS BIRMINGHAM NHS FOUNDATION TRUST,31657,0,0,15518,0,0,31657,15518,51.0,March 2023
London,UNIVERSITY COLLEGE LONDON HOSPITALS NHS FOUNDATION TRUST,12566,0,0,4498,0,0,12566,4498,64.2,March 2023
North East And Yorkshire ,SOUTH TEES HOSPITALS NHS FOUNDATION TRUST,10057,0,5039,4305,0,223,15096,4528,70.0,March 2023
Midlands ,UNITED LINCOLNSHIRE HOSPITALS NHS TRUST,12632,0,5448,7129,0,642,18080,7771,57.0,March 2023
East Of England ,EAST AND NORTH HERTFORDSHIRE NHS TRUST,9694,0,5216,5660,0,4,14910,5664,62.0,March 2023
South East ,EAST SUSSEX HEALTHCARE NHS TRUST,8942,0,2059,3857,0,42,11001,3899,64.6,March 2023
North East And Yorkshire ,COUNTY DURHAM AND DARLINGTON NHS FOUNDATION TRUST,12685,0,4031,6680,0,0,16716,6680,60.0,March 2023
North West ,EAST LANCASHIRE HOSPITALS NHS TRUST,10680,0,7030,4227,0,473,17710,4700,73.5,March 2023
Midlands ,THE SHREWSBURY AND TELFORD HOSPITAL NHS TRUST,10049,0,2081,5377,0,234,12130,5611,53.7,March 2023
London,NORTH MIDDLESEX UNIVERSITY HOSPITAL NHS TRUST,9475,564,7220,4919,6,1322,17259,6247,63.8,March 2023
London,THE HILLINGDON HOSPITALS NHS FOUNDATION TRUST,6253,0,5892,3499,0,349,12145,3848,68.3,March 2023
North East And Yorkshire ,HARROGATE AND DISTRICT NHS FOUNDATION TRUST,4529,0,753,1153,0,1,5282,1154,78.2,March 2023
North East And Yorkshire ,AIREDALE NHS FOUNDATION TRUST,5141,301,6,2536,0,0,5448,2536,53.5,March 2023
North East And Yorkshire ,SHEFFIELD CHILDREN'S NHS FOUNDATION TRUST,4877,0,266,561,0,0,5143,561,89.1,March 2023
East Of England ,"THE QUEEN ELIZABETH HOSPITAL, KING'S LYNN, NHS FOUNDATION TRUST",6376,0,862,2736,0,0,7238,2736,62.2,March 2023
South West ,ROYAL UNITED HOSPITALS BATH NHS FOUNDATION TRUST,7830,0,0,3758,0,0,7830,3758,52.0,March 2023
East Of England ,MILTON KEYNES UNIVERSITY HOSPITAL NHS FOUNDATION TRUST,7709,0,5019,2423,0,201,12728,2624,79.4,March 2023
East Of England ,EAST SUFFOLK AND NORTH ESSEX NHS FOUNDATION TRUST,14087,0,10814,7706,0,185,24901,7891,68.3,March 2023
East Of England ,JAMES PAGET UNIVERSITY HOSPITALS NHS FOUNDATION TRUST,6666,0,1413,2706,0,0,8079,2706,66.5,March 2023
South East ,UNIVERSITY HOSPITAL SOUTHAMPTON NHS FOUNDATION TRUST,10995,1485,0,3910,35,0,12480,3945,68.4,March 2023
North East And Yorkshire ,SHEFFIELD TEACHING HOSPITALS NHS FOUNDATION TRUST,8918,1184,7824,4342,0,140,17926,4482,75.0,March 2023
Midlands ,SOUTH WARWICKSHIRE UNIVERSITY NHS FOUNDATION TRUST,7583,0,0,2421,0,0,7583,2421,68.1,March 2023
North West ,TAMESIDE AND GLOSSOP INTEGRATED CARE NHS FOUNDATION TRUST,8128,0,2554,4069,0,0,10682,4069,61.9,March 2023
North East And Yorkshire ,NORTH CUMBRIA INTEGRATED CARE NHS FOUNDATION TRUST,8536,0,2009,3354,0,1,10545,3355,68.2,March 2023
East Of England ,THE PRINCESS ALEXANDRA HOSPITAL NHS TRUST,9345,0,0,5036,0,0,9345,5036,46.1,March 2023
North East And Yorkshire ,NORTHUMBRIA HEALTHCARE NHS FOUNDATION TRUST,9014,0,11488,2166,0,27,20502,2193,89.3,March 2023
South East ,ASHFORD AND ST PETER'S HOSPITALS NHS FOUNDATION TRUST,9759,0,0,4527,0,0,9759,4527,53.6,March 2023
South West ,NORTH BRISTOL NHS TRUST,8204,0,0,1789,0,0,8204,1789,78.2,March 2023
North West ,STOCKPORT NHS FOUNDATION TRUST,9023,0,0,3723,0,0,9023,3723,58.7,March 2023
North West ,LANCASHIRE TEACHING HOSPITALS NHS FOUNDATION TRUST,11793,0,3930,4075,0,72,15723,4147,73.6,March 2023
South East ,UNIVERSITY HOSPITALS SUSSEX NHS FOUNDATION TRUST,23634,1532,2264,9928,1,119,27430,10048,63.4,March 2023
London,BARTS HEALTH NHS TRUST,23488,915,18799,11105,28,2642,43202,13775,68.1,March 2023
South West ,SOMERSET NHS FOUNDATION TRUST,6724,0,8567,2999,0,287,15291,3286,78.5,March 2023
London,CROYDON HEALTH SERVICES NHS TRUST,12636,0,4891,4326,0,0,17527,4326,75.3,March 2023
London,WHITTINGTON HEALTH NHS TRUST,8762,0,0,3022,0,0,8762,3022,65.5,March 2023
London,CHELSEA AND WESTMINSTER HOSPITAL NHS FOUNDATION TRUST,19807,0,9355,0,0,0,29162,0,100.0,March 2023
South West ,GLOUCESTERSHIRE HOSPITALS NHS FOUNDATION TRUST,12254,0,0,5046,0,0,12254,5046,58.8,March 2023
South East ,ISLE OF WIGHT NHS TRUST,3576,0,2149,1431,0,0,5725,1431,75.0,March 2023
South West ,UNIVERSITY HOSPITALS BRISTOL AND WESTON NHS FOUNDATION TRUST,14251,2374,0,5445,62,0,16625,5507,66.9,March 2023
London,HOMERTON HEALTHCARE NHS FOUNDATION TRUST,10523,0,0,2023,0,0,10523,2023,80.8,March 2023
East Of England ,BEDFORDSHIRE HOSPITALS NHS FOUNDATION TRUST,16144,0,7400,0,0,0,23544,0,100.0,March 2023
London,EPSOM AND ST HELIER UNIVERSITY HOSPITALS NHS TRUST,13000,320,0,3528,1,0,13320,3529,73.5,March 2023
South East ,PORTSMOUTH HOSPITALS UNIVERSITY NATIONAL HEALTH SERVICE TRUST,9235,801,2614,0,0,0,12650,0,100.0,March 2023
North West ,NORTHERN CARE ALLIANCE NHS FOUNDATION TRUST,24998,0,7101,11902,0,234,32099,12136,62.2,March 2023
South East ,EAST KENT HOSPITALS UNIVERSITY NHS FOUNDATION TRUST,12452,0,12026,7598,0,447,24478,8045,67.1,March 2023
North East And Yorkshire ,THE ROTHERHAM NHS FOUNDATION TRUST,7777,0,0,0,0,0,7777,0,100.0,March 2023
South West ,GREAT WESTERN HOSPITALS NHS FOUNDATION TRUST,5104,0,4869,2124,0,199,9973,2323,76.7,March 2023
South East ,OXFORD UNIVERSITY HOSPITALS NHS FOUNDATION TRUST,11425,1858,551,4922,0,5,13834,4927,64.4,March 2023
London,IMPERIAL COLLEGE HEALTHCARE NHS TRUST,11892,4073,2731,0,0,0,18696,0,100.0,March 2023
North West ,WIRRAL UNIVERSITY TEACHING HOSPITAL NHS FOUNDATION TRUST,7839,0,2759,3678,0,80,10598,3758,64.5,March 2023
Midlands ,NORTHAMPTON GENERAL HOSPITAL NHS TRUST,8805,703,2254,3910,4,47,11762,3961,66.3,March 2023
South East ,MEDWAY NHS FOUNDATION TRUST,7840,0,6778,3436,0,659,14618,4095,72.0,March 2023
North West ,WARRINGTON AND HALTON TEACHING HOSPITALS NHS FOUNDATION TRUST,7217,0,2941,3333,0,85,10158,3418,66.4,March 2023
North West ,UNIVERSITY HOSPITALS OF MORECAMBE BAY NHS FOUNDATION TRUST,8564,0,2881,2829,0,95,11445,2924,74.5,March 2023
North East And Yorkshire ,MID YORKSHIRE HOSPITALS NHS TRUST,16135,0,5730,0,0,0,21865,0,100.0,March 2023
Midlands ,UNIVERSITY HOSPITALS COVENTRY AND WARWICKSHIRE NHS TRUST,11364,1846,8776,5093,122,183,21986,5398,75.4,March 2023
London,ROYAL FREE LONDON NHS FOUNDATION TRUST,16954,0,8770,8171,0,403,25724,8574,66.7,March 2023
Midlands ,SANDWELL AND WEST BIRMINGHAM HOSPITALS NHS TRUST,13707,1131,10461,6502,122,462,25299,7086,72.0,March 2023
Total,TOTAL,1343071,46252,703898,511258,1364,30583,2093221,543205,74.0,March 2023
East Of England ,BEDFORDSHIRE HOSPITALS NHS FOUNDATION TRUST,16063,0,8681,6131,0,0,24744,6131,75.2,March 2024
London,HOMERTON HEALTHCARE NHS FOUNDATION TRUST,11073,0,0,1946,0,0,11073,1946,82.4,March 2024
North East And Yorkshire ,CALDERDALE AND HUDDERSFIELD NHS FOUNDATION TRUST,15474,0,0,3637,0,0,15474,3637,76.5,March 2024
North West ,BLACKPOOL TEACHING HOSPITALS NHS FOUNDATION TRUST,9136,0,10995,4160,0,121,20131,4281,78.7,March 2024
Midlands ,SOUTH WARWICKSHIRE UNIVERSITY NHS FOUNDATION TRUST,8138,0,320,1508,0,0,8458,1508,82.2,March 2024
North East And Yorkshire ,HULL UNIVERSITY TEACHING HOSPITALS NHS TRUST,9643,0,4431,5261,0,205,14074,5466,61.2,March 2024
South West ,UNIVERSITY HOSPITALS PLYMOUTH NHS TRUST,8795,131,4712,5764,0,521,13638,6285,53.9,March 2024
Midlands ,WYE VALLEY NHS TRUST,6221,1229,0,2580,0,0,7450,2580,65.4,March 2024
Midlands ,NORTHAMPTON GENERAL HOSPITAL NHS TRUST,12125,575,2641,3940,14,98,15341,4052,73.6,March 2024
Midlands ,BIRMINGHAM WOMEN'S AND CHILDREN'S NHS FOUNDATION TRUST,5690,0,0,1458,0,0,5690,1458,74.4,March 2024
London,UNIVERSITY COLLEGE LONDON HOSPITALS NHS FOUNDATION TRUST,13018,0,0,4102,0,0,13018,4102,68.5,March 2024
North East And Yorkshire ,BARNSLEY HOSPITAL NHS FOUNDATION TRUST,8546,0,0,2356,0,0,8546,2356,72.4,March 2024
North East And Yorkshire ,GATESHEAD HEALTH NHS FOUNDATION TRUST,5955,0,3933,2709,0,43,9888,2752,72.2,March 2024
North East And Yorkshire ,HARROGATE AND DISTRICT NHS FOUNDATION TRUST,4955,0,731,1248,0,0,5686,1248,78.1,March 2024
North East And Yorkshire ,THE ROTHERHAM NHS FOUNDATION TRUST,8946,0,0,3320,0,0,8946,3320,62.9,March 2024
North West ,COUNTESS OF CHESTER HOSPITAL NHS FOUNDATION TRUST,6341,0,986,3367,0,126,7327,3493,52.3,March 2024
South East ,ISLE OF WIGHT NHS TRUST,4273,0,1937,2002,0,0,6210,2002,67.8,March 2024
North West ,ALDER HEY CHILDREN'S NHS FOUNDATION TRUST,6895,0,0,1073,0,0,6895,1073,84.4,March 2024
North West ,LIVERPOOL UNIVERSITY HOSPITALS NHS FOUNDATION TRUST,17661,197,8835,7801,0,576,26693,8377,68.6,March 2024
South East ,SURREY AND SUSSEX HEALTHCARE NHS TRUST,10912,0,0,3341,0,0,10912,3341,69.4,March 2024
North West ,UNIVERSITY HOSPITALS OF MORECAMBE BAY NHS FOUNDATION TRUST,8260,0,4419,3216,0,199,12679,3415,73.1,March 2024
North East And Yorkshire ,MID YORKSHIRE TEACHING NHS TRUST,17595,116,6280,6696,0,431,23991,7127,70.3,March 2024
North East And Yorkshire ,SOUTH TYNESIDE AND SUNDERLAND NHS FOUNDATION TRUST,12058,1268,6472,5495,18,136,19798,5649,71.5,March 2024
South West ,UNIVERSITY HOSPITALS DORSET NHS FOUNDATION TRUST,13999,0,4423,5492,0,0,18422,5492,70.2,March 2024
London,LONDON NORTH WEST UNIVERSITY HEALTHCARE NHS TRUST,14360,0,15664,6718,0,270,30024,6988,76.7,March 2024
South West ,UNIVERSITY HOSPITALS BRISTOL AND WESTON NHS FOUNDATION TRUST,16646,2309,0,5786,76,0,18955,5862,69.1,March 2024
North East And Yorkshire ,BRADFORD TEACHING HOSPITALS NHS FOUNDATION TRUST,9550,876,3206,2363,0,0,13632,2363,82.7,March 2024
London,KINGSTON HOSPITAL NHS FOUNDATION TRUST,7719,0,8619,3793,0,403,16338,4196,74.3,March 2024
South East ,FRIMLEY HEALTH NHS FOUNDATION TRUST,23412,993,11851,8625,0,0,36256,8625,76.2,March 2024
London,"BARKING, HAVERING AND REDBRIDGE UNIVERSITY HOSPITALS NHS TRUST",13244,2485,14761,6042,423,374,30490,6839,77.6,March 2024
East Of England ,NORTH WEST ANGLIA NHS FOUNDATION TRUST,13327,0,4950,5455,0,552,18277,6007,67.1,March 2024
Midlands ,UNIVERSITY HOSPITALS OF NORTH MIDLANDS NHS TRUST,13499,446,8446,6665,0,65,22391,6730,69.9,March 2024
North West ,EAST CHESHIRE NHS TRUST,4495,0,0,2119,0,0,4495,2119,52.9,March 2024
Midlands ,GEORGE ELIOT HOSPITAL NHS TRUST,6916,0,1822,1967,0,20,8738,1987,77.3,March 2024
South East ,DARTFORD AND GRAVESHAM NHS TRUST,12064,0,3698,4262,0,34,15762,4296,72.7,March 2024
Midlands ,KETTERING GENERAL HOSPITAL NHS FOUNDATION TRUST,10150,0,2323,3556,0,68,12473,3624,70.9,March 2024
South West ,SALISBURY NHS FOUNDATION TRUST,4663,294,2148,1754,0,0,7105,1754,75.3,March 2024
London,CHELSEA AND WESTMINSTER HOSPITAL NHS FOUNDATION TRUST,20106,0,6588,4714,0,193,26694,4907,81.6,March 2024
East Of England ,THE PRINCESS ALEXANDRA HOSPITAL NHS TRUST,8471,0,2280,4024,0,0,10751,4024,62.6,March 2024
North East And Yorkshire ,THE NEWCASTLE UPON TYNE HOSPITALS NHS FOUNDATION TRUST,12923,1527,5490,5559,107,0,19940,5666,71.6,March 2024
South East ,MAIDSTONE AND TUNBRIDGE WELLS NHS TRUST,19264,0,2329,2974,0,16,21593,2990,86.2,March 2024
North West ,STOCKPORT NHS FOUNDATION TRUST,9038,0,0,3565,0,0,9038,3565,60.6,March 2024
Midlands ,WORCESTERSHIRE ACUTE HOSPITALS NHS TRUST,12885,0,5474,5864,0,12,18359,5876,68.0,March 2024
South East ,BUCKINGHAMSHIRE HEALTHCARE NHS TRUST,10269,1223,3942,3806,0,110,15434,3916,74.6,March 2024
North West ,EAST LANCASHIRE HOSPITALS NHS TRUST,12894,0,10058,4442,0,617,22952,5059,78.0,March 2024
South East ,ROYAL SURREY COUNTY HOSPITAL NHS FOUNDATION TRUST,6805,0,1423,1606,0,0,8228,1606,80.5,March 2024
East Of England ,MID AND SOUTH ESSEX NHS FOUNDATION TRUST,31165,0,5972,9804,0,285,37137,10089,72.8,March 2024
Midlands ,WALSALL HEALTHCARE NHS TRUST,8749,0,4337,2694,0,244,13086,2938,77.5,March 2024
North East And Yorkshire ,SHEFFIELD CHILDREN'S NHS FOUNDATION TRUST,4945,0,460,663,0,0,5405,663,87.7,March 2024
East Of England ,JAMES PAGET UNIVERSITY HOSPITALS NHS FOUNDATION TRUST,6982,0,1776,2271,0,0,8758,2271,74.1,March 2024
East Of England ,CAMBRIDGE UNIVERSITY HOSPITALS NHS FOUNDATION TRUST,10439,0,6041,4657,0,107,16480,4764,71.1,March 2024
South West ,SOMERSET NHS FOUNDATION TRUST,13225,0,10379,4600,0,221,23604,4821,79.6,March 2024
South East ,UNIVERSITY HOSPITAL SOUTHAMPTON NHS FOUNDATION TRUST,12031,1364,0,3412,140,0,13395,3552,73.5,March 2024
London,KING'S COLLEGE HOSPITAL NHS FOUNDATION TRUST,16265,0,9742,7591,0,786,26007,8377,67.8,March 2024
Midlands ,UNIVERSITY HOSPITALS COVENTRY AND WARWICKSHIRE NHS TRUST,11838,1824,8387,4881,80,204,22049,5165,76.6,March 2024
North East And Yorkshire ,NORTH CUMBRIA INTEGRATED CARE NHS FOUNDATION TRUST,9079,0,1906,4242,0,19,10985,4261,61.2,March 2024
South West ,GLOUCESTERSHIRE HOSPITALS NHS FOUNDATION TRUST,12817,0,0,5391,0,0,12817,5391,57.9,March 2024
South East ,ASHFORD AND ST PETER'S HOSPITALS NHS FOUNDATION TRUST,10373,0,0,3438,0,0,10373,3438,66.9,March 2024
North East And Yorkshire ,SOUTH TEES HOSPITALS NHS FOUNDATION TRUST,10602,0,5010,4494,0,346,15612,4840,69.0,March 2024
London,EPSOM AND ST HELIER UNIVERSITY HOSPITALS NHS TRUST,13481,315,0,3270,0,0,13796,3270,76.3,March 2024
North East And Yorkshire ,NORTH TEES AND HARTLEPOOL NHS FOUNDATION TRUST,4953,0,12358,2080,0,87,17311,2167,87.5,March 2024
Midlands ,UNIVERSITY HOSPITALS OF LEICESTER NHS TRUST,21708,1886,0,9701,114,0,23594,9815,58.4,March 2024
North West ,WARRINGTON AND HALTON TEACHING HOSPITALS NHS FOUNDATION TRUST,7199,0,3441,3635,0,175,10640,3810,64.2,March 2024
North East And Yorkshire ,COUNTY DURHAM AND DARLINGTON NHS FOUNDATION TRUST,13187,0,4618,5625,0,0,17805,5625,68.4,March 2024
London,NORTH MIDDLESEX UNIVERSITY HOSPITAL NHS TRUST,8510,446,7860,4607,0,1241,16816,5848,65.2,March 2024
London,THE HILLINGDON HOSPITALS NHS FOUNDATION TRUST,6088,0,7142,2830,0,22,13230,2852,78.4,March 2024
South West ,DORSET COUNTY HOSPITAL NHS FOUNDATION TRUST,4473,0,0,1793,0,0,4473,1793,59.9,March 2024
North West ,MID CHESHIRE HOSPITALS NHS FOUNDATION TRUST,7544,0,2879,4106,0,42,10423,4148,60.2,March 2024
North East And Yorkshire ,YORK AND SCARBOROUGH TEACHING HOSPITALS NHS FOUNDATION TRUST,10880,394,8665,6378,0,270,19939,6648,66.7,March 2024
South West ,ROYAL UNITED HOSPITALS BATH NHS FOUNDATION TRUST,9246,0,0,3495,0,0,9246,3495,62.2,March 2024
East Of England ,MILTON KEYNES UNIVERSITY HOSPITAL NHS FOUNDATION TRUST,8282,0,5808,2901,0,137,14090,3038,78.4,March 2024
East Of England ,EAST SUFFOLK AND NORTH ESSEX NHS FOUNDATION TRUST,15474,0,13882,5498,0,226,29356,5724,80.5,March 2024
Midlands ,CHESTERFIELD ROYAL HOSPITAL NHS FOUNDATION TRUST,7049,0,1630,3195,0,229,8679,3424,60.5,March 2024
South West ,ROYAL DEVON UNIVERSITY HEALTHCARE NHS FOUNDATION TRUST,12532,485,4223,3684,63,37,17240,3784,78.1,March 2024
North East And Yorkshire ,SHEFFIELD TEACHING HOSPITALS NHS FOUNDATION TRUST,9145,1013,7905,4633,0,262,18063,4895,72.9,March 2024
South East ,ROYAL BERKSHIRE NHS FOUNDATION TRUST,12492,2297,0,4886,20,0,14789,4906,66.8,March 2024
London,GUY'S AND ST THOMAS' NHS FOUNDATION TRUST,10903,756,6467,4114,0,326,18126,4440,75.5,March 2024
London,CROYDON HEALTH SERVICES NHS TRUST,13691,0,5528,4596,0,0,19219,4596,76.1,March 2024
Midlands ,SHERWOOD FOREST HOSPITALS NHS FOUNDATION TRUST,11030,0,5857,4186,0,549,16887,4735,72.0,March 2024
East Of England ,NORFOLK AND NORWICH UNIVERSITY HOSPITALS NHS FOUNDATION TRUST,12008,0,9825,4279,0,2,21833,4281,80.4,March 2024
North West ,NORTHERN CARE ALLIANCE NHS FOUNDATION TRUST,25891,0,9136,11273,0,161,35027,11434,67.4,March 2024
North West ,TAMESIDE AND GLOSSOP INTEGRATED CARE NHS FOUNDATION TRUST,8044,0,2978,4676,0,0,11022,4676,57.6,March 2024
South East ,HAMPSHIRE HOSPITALS NHS FOUNDATION TRUST,12751,158,494,5240,0,1,13403,5241,60.9,March 2024
Midlands ,THE DUDLEY GROUP NHS FOUNDATION TRUST,9525,0,5057,3064,0,219,14582,3283,77.5,March 2024
North East And Yorkshire ,DONCASTER AND BASSETLAW TEACHING HOSPITALS NHS FOUNDATION TRUST,13355,0,3809,4101,0,1,17164,4102,76.1,March 2024
North East And Yorkshire ,LEEDS TEACHING HOSPITALS NHS TRUST,17985,713,13073,7158,0,214,31771,7372,76.8,March 2024
South West ,NORTH BRISTOL NHS TRUST,9405,0,0,3408,0,0,9405,3408,63.8,March 2024
Midlands ,UNITED LINCOLNSHIRE HOSPITALS NHS TRUST,10655,0,10715,6921,0,1507,21370,8428,60.6,March 2024
East Of England ,WEST HERTFORDSHIRE TEACHING HOSPITALS NHS TRUST,8393,0,8392,3228,0,548,16785,3776,77.5,March 2024
East Of England ,EAST AND NORTH HERTFORDSHIRE NHS TRUST,9645,0,7211,4609,0,37,16856,4646,72.4,March 2024
Midlands ,NOTTINGHAM UNIVERSITY HOSPITALS NHS TRUST,15724,2012,290,8164,78,6,18026,8248,54.2,March 2024
North West ,LANCASHIRE TEACHING HOSPITALS NHS FOUNDATION TRUST,12327,0,4326,5210,0,274,16653,5484,67.1,March 2024
Midlands ,THE SHREWSBURY AND TELFORD HOSPITAL NHS TRUST,10819,0,2379,6335,0,401,13198,6736,49.0,March 2024
London,IMPERIAL COLLEGE HEALTHCARE NHS TRUST,12195,3881,7240,4572,17,657,23316,5246,77.5,March 2024
London,BARTS HEALTH NHS TRUST,25521,924,18063,10915,34,1053,44508,12002,73.0,March 2024
North East And Yorkshire ,AIREDALE NHS FOUNDATION TRUST,5682,264,20,2019,0,0,5966,2019,66.2,March 2024
East Of England ,"THE QUEEN ELIZABETH HOSPITAL, KING'S LYNN, NHS FOUNDATION TRUST",6694,0,1354,2357,0,0,8048,2357,70.7,March 2024
South West ,ROYAL CORNWALL HOSPITALS NHS TRUST,6214,0,11738,3563,0,659,17952,4222,76.5,March 2024
London,LEWISHAM AND GREENWICH NHS TRUST,14639,0,12266,8325,0,1777,26905,10102,62.5,March 2024
London,WHITTINGTON HEALTH NHS TRUST,9562,0,0,2574,0,0,9562,2574,73.1,March 2024
North East And Yorkshire ,NORTHUMBRIA HEALTHCARE NHS FOUNDATION TRUST,10269,0,12670,3651,0,15,22939,3666,84.0,March 2024
Midlands ,UNIVERSITY HOSPITALS OF DERBY AND BURTON NHS FOUNDATION TRUST,21347,0,10491,8062,0,9,31838,8071,74.6,March 2024
South East ,EAST SUSSEX HEALTHCARE NHS TRUST,10088,0,2555,3054,0,34,12643,3088,75.6,March 2024
Midlands ,SANDWELL AND WEST BIRMINGHAM HOSPITALS NHS TRUST,14571,1140,10774,7225,168,876,26485,8269,68.8,March 2024
North West ,MANCHESTER UNIVERSITY NHS FOUNDATION TRUST,25564,3414,12307,12133,110,858,41285,13101,68.3,March 2024
London,ROYAL FREE LONDON NHS FOUNDATION TRUST,19364,0,8638,8200,0,354,28002,8554,69.5,March 2024
London,ST GEORGE'S UNIVERSITY HOSPITALS NHS FOUNDATION TRUST,9144,0,3209,2383,0,0,12353,2383,80.7,March 2024
North West ,BOLTON NHS FOUNDATION TRUST,7941,0,3287,3974,0,387,11228,4361,61.2,March 2024
South East ,MEDWAY NHS FOUNDATION TRUST,9537,0,7107,2988,0,1053,16644,4041,75.7,March 2024
Midlands ,UNIVERSITY HOSPITALS BIRMINGHAM NHS FOUNDATION TRUST,33705,268,1422,14326,0,11,35395,14337,59.5,March 2024
North West ,WIRRAL UNIVERSITY TEACHING HOSPITAL NHS FOUNDATION TRUST,8050,0,3087,4332,0,67,11137,4399,60.5,March 2024
North East And Yorkshire ,NORTHERN LINCOLNSHIRE AND GOOLE NHS FOUNDATION TRUST,15829,0,0,5324,0,0,15829,5324,66.4,March 2024
North West ,MERSEY AND WEST LANCASHIRE TEACHING HOSPITALS NHS TRUST,18465,0,7972,6876,0,420,26437,7296,72.4,March 2024
East Of England ,WEST SUFFOLK NHS FOUNDATION TRUST,7863,0,834,2285,0,0,8697,2285,73.7,March 2024
South East ,PORTSMOUTH HOSPITALS UNIVERSITY NATIONAL HEALTH SERVICE TRUST,10683,820,3247,4938,7,117,14750,5062,65.7,March 2024
South West ,GREAT WESTERN HOSPITALS NHS FOUNDATION TRUST,5498,0,5712,2411,0,521,11210,2932,73.8,March 2024
South East ,OXFORD UNIVERSITY HOSPITALS NHS FOUNDATION TRUST,12383,1820,511,4172,0,4,14714,4176,71.6,March 2024
North West ,"WRIGHTINGTON, WIGAN AND LEIGH NHS FOUNDATION TRUST",7524,0,5433,3682,0,48,12957,3730,71.2,March 2024
South East ,EAST KENT HOSPITALS UNIVERSITY NHS FOUNDATION TRUST,13484,0,13002,6697,0,416,26486,7113,73.1,March 2024
Midlands ,THE ROYAL WOLVERHAMPTON NHS TRUST,13076,0,8146,4302,0,512,21222,4814,77.3,March 2024
South East ,UNIVERSITY HOSPITALS SUSSEX NHS FOUNDATION TRUST,23135,1537,5480,10476,69,532,30152,11077,63.3,March 2024
South West ,TORBAY AND SOUTH DEVON NHS FOUNDATION TRUST,6276,0,3134,3224,0,11,9410,3235,65.6,March 2024
South West ,TORBAY AND SOUTH DEVON NHS FOUNDATION TRUST,6650,0,3358,2977,0,47,10008,3024,69.8,March 2025
North East And Yorkshire ,BARNSLEY HOSPITAL NHS FOUNDATION TRUST,9281,0,0,1838,0,0,9281,1838,80.2,March 2025
North East And Yorkshire ,CALDERDALE AND HUDDERSFIELD NHS FOUNDATION TRUST,16307,0,0,2976,0,0,16307,2976,81.8,March 2025
North East And Yorkshire ,HARROGATE AND DISTRICT NHS FOUNDATION TRUST,5137,0,993,1314,0,1,6130,1315,78.5,March 2025
South East ,SURREY AND SUSSEX HEALTHCARE NHS TRUST,10472,0,0,3739,0,0,10472,3739,64.3,March 2025
North West ,EAST LANCASHIRE HOSPITALS NHS TRUST,13340,0,11173,4452,0,527,24513,4979,79.7,March 2025
North East And Yorkshire ,SOUTH TYNESIDE AND SUNDERLAND NHS FOUNDATION TRUST,11463,1338,6275,4812,25,239,19076,5076,73.4,March 2025
East Of England ,EAST SUFFOLK AND NORTH ESSEX NHS FOUNDATION TRUST,11802,0,14870,5648,0,555,26672,6203,76.7,March 2025
London,HOMERTON HEALTHCARE NHS FOUNDATION TRUST,11231,0,0,1927,0,0,11231,1927,82.8,March 2025
South East ,ASHFORD AND ST PETER'S HOSPITALS NHS FOUNDATION TRUST,10757,0,0,3695,0,0,10757,3695,65.7,March 2025
London,KINGSTON AND RICHMOND NHS FOUNDATION TRUST,7332,0,8910,3271,0,273,16242,3544,78.2,March 2025
North West ,MID CHESHIRE HOSPITALS NHS FOUNDATION TRUST,7136,0,3238,4139,0,64,10374,4203,59.5,March 2025
London,KING'S COLLEGE HOSPITAL NHS FOUNDATION TRUST,15710,0,9620,6788,0,563,25330,7351,71.0,March 2025
Midlands ,WYE VALLEY NHS TRUST,6143,1157,158,2759,0,0,7458,2759,63.0,March 2025
East Of England ,THE PRINCESS ALEXANDRA HOSPITAL NHS TRUST,8544,0,2131,3474,0,0,10675,3474,67.5,March 2025
Midlands ,WORCESTERSHIRE ACUTE HOSPITALS NHS TRUST,13805,0,6203,6738,0,71,20008,6809,66.0,March 2025
North West ,BLACKPOOL TEACHING HOSPITALS NHS FOUNDATION TRUST,8950,0,11021,4016,0,71,19971,4087,79.5,March 2025
South West ,ROYAL CORNWALL HOSPITALS NHS TRUST,6629,0,12512,3494,0,709,19141,4203,78.0,March 2025
East Of England ,JAMES PAGET UNIVERSITY HOSPITALS NHS FOUNDATION TRUST,7416,0,1608,3330,0,0,9024,3330,63.1,March 2025
East Of England ,WEST SUFFOLK NHS FOUNDATION TRUST,8165,0,798,1055,0,0,8963,1055,88.2,March 2025
London,CROYDON HEALTH SERVICES NHS TRUST,13255,0,5119,3289,0,0,18374,3289,82.1,March 2025
Midlands ,THE ROYAL WOLVERHAMPTON NHS TRUST,12866,0,8567,3895,0,213,21433,4108,80.8,March 2025
London,UNIVERSITY COLLEGE LONDON HOSPITALS NHS FOUNDATION TRUST,13584,0,0,3789,0,0,13584,3789,72.1,March 2025
North East And Yorkshire ,SOUTH TEES HOSPITALS NHS FOUNDATION TRUST,7561,0,9440,3994,0,509,17001,4503,73.5,March 2025
South East ,EAST KENT HOSPITALS UNIVERSITY NHS FOUNDATION TRUST,12820,0,13288,6228,0,414,26108,6642,74.6,March 2025
South East ,MAIDSTONE AND TUNBRIDGE WELLS NHS TRUST,18303,0,2372,3116,0,26,20675,3142,84.8,March 2025
South West ,UNIVERSITY HOSPITALS BRISTOL AND WESTON NHS FOUNDATION TRUST,16099,2536,0,5748,207,0,18635,5955,68.0,March 2025
North East And Yorkshire ,AIREDALE NHS FOUNDATION TRUST,5892,232,0,2541,0,0,6124,2541,58.5,March 2025
East Of England ,"THE QUEEN ELIZABETH HOSPITAL, KING'S LYNN, NHS FOUNDATION TRUST",6746,0,1246,3185,0,0,7992,3185,60.1,March 2025
East Of England ,MILTON KEYNES UNIVERSITY HOSPITAL NHS FOUNDATION TRUST,8545,0,5344,3119,0,392,13889,3511,74.7,March 2025
South East ,FRIMLEY HEALTH NHS FOUNDATION TRUST,22632,945,13202,9616,1,306,36779,9923,73.0,March 2025
North East And Yorkshire ,THE ROTHERHAM NHS FOUNDATION TRUST,9434,0,0,3256,0,0,9434,3256,65.5,March 2025
Midlands ,UNIVERSITY HOSPITALS OF NORTH MIDLANDS NHS TRUST,14701,541,8704,7899,0,683,23946,8582,64.2,March 2025
North West ,COUNTESS OF CHESTER HOSPITAL NHS FOUNDATION TRUST,5250,0,2446,2764,0,358,7696,3122,59.4,March 2025
Midlands ,UNIVERSITY HOSPITALS COVENTRY AND WARWICKSHIRE NHS TRUST,12494,1602,6644,5333,133,297,20740,5763,72.2,March 2025
North West ,BOLTON NHS FOUNDATION TRUST,8326,0,3871,3310,0,130,12197,3440,71.8,March 2025
North West ,TAMESIDE AND GLOSSOP INTEGRATED CARE NHS FOUNDATION TRUST,8845,0,3037,3813,0,20,11882,3833,67.7,March 2025
North East And Yorkshire ,GATESHEAD HEALTH NHS FOUNDATION TRUST,5879,0,3998,2479,0,32,9877,2511,74.6,March 2025
Midlands ,UNIVERSITY HOSPITALS OF DERBY AND BURTON NHS FOUNDATION TRUST,19603,0,9942,8775,0,3,29545,8778,70.3,March 2025
Midlands ,UNIVERSITY HOSPITALS OF LEICESTER NHS TRUST,22642,2150,0,9943,237,0,24792,10180,58.9,March 2025
East Of England ,WEST HERTFORDSHIRE TEACHING HOSPITALS NHS TRUST,8729,0,7623,2928,0,187,16352,3115,81.0,March 2025
North West ,WARRINGTON AND HALTON TEACHING HOSPITALS NHS FOUNDATION TRUST,7025,0,3290,3560,0,158,10315,3718,64.0,March 2025
Midlands ,NOTTINGHAM UNIVERSITY HOSPITALS NHS TRUST,13574,1817,567,7275,82,141,15958,7498,53.0,March 2025
South East ,BUCKINGHAMSHIRE HEALTHCARE NHS TRUST,11141,1232,3618,3293,0,89,15991,3382,78.9,March 2025
South East ,UNIVERSITY HOSPITALS SUSSEX NHS FOUNDATION TRUST,26658,1483,2059,10030,39,231,30200,10300,65.9,March 2025
North West ,MANCHESTER UNIVERSITY NHS FOUNDATION TRUST,25292,3094,11779,9920,129,496,40165,10545,73.7,March 2025
South West ,UNIVERSITY HOSPITALS DORSET NHS FOUNDATION TRUST,13702,0,5527,5364,0,0,19229,5364,72.1,March 2025
South East ,ROYAL SURREY COUNTY HOSPITAL NHS FOUNDATION TRUST,6924,0,1650,2088,0,1,8574,2089,75.6,March 2025
East Of England ,MID AND SOUTH ESSEX NHS FOUNDATION TRUST,31792,0,3961,11578,0,311,35753,11889,66.7,March 2025
South West ,DORSET COUNTY HOSPITAL NHS FOUNDATION TRUST,4111,0,0,1328,0,0,4111,1328,67.7,March 2025
Midlands ,WALSALL HEALTHCARE NHS TRUST,9286,0,4564,3339,0,114,13850,3453,75.1,March 2025
North East And Yorkshire ,SHEFFIELD CHILDREN'S NHS FOUNDATION TRUST,4859,0,425,499,0,0,5284,499,90.6,March 2025
South West ,SOMERSET NHS FOUNDATION TRUST,13097,0,9956,6180,0,229,23053,6409,72.2,March 2025
North East And Yorkshire ,SHEFFIELD TEACHING HOSPITALS NHS FOUNDATION TRUST,9031,1210,7023,4657,0,247,17264,4904,71.6,March 2025
Midlands ,SOUTH WARWICKSHIRE UNIVERSITY NHS FOUNDATION TRUST,8483,0,378,2732,0,0,8861,2732,69.2,March 2025
North East And Yorkshire ,NORTHERN LINCOLNSHIRE AND GOOLE NHS FOUNDATION TRUST,9197,0,7423,4766,0,66,16620,4832,70.9,March 2025
London,WHITTINGTON HEALTH NHS TRUST,9282,0,0,2600,0,0,9282,2600,72.0,March 2025
South West ,GREAT WESTERN HOSPITALS NHS FOUNDATION TRUST,5662,0,5652,2928,0,458,11314,3386,70.1,March 2025
Midlands ,THE DUDLEY GROUP NHS FOUNDATION TRUST,10115,0,4514,2893,0,99,14629,2992,79.5,March 2025
North East And Yorkshire ,NORTH CUMBRIA INTEGRATED CARE NHS FOUNDATION TRUST,8917,0,1932,3886,0,25,10849,3911,64.0,March 2025
Midlands ,KETTERING GENERAL HOSPITAL NHS FOUNDATION TRUST,10262,0,8943,3696,0,174,19205,3870,79.8,March 2025
Midlands ,NORTHAMPTON GENERAL HOSPITAL NHS TRUST,9114,526,2305,3851,15,235,11945,4101,65.7,March 2025
South West ,SALISBURY NHS FOUNDATION TRUST,4750,312,1873,2002,0,0,6935,2002,71.1,March 2025
Midlands ,BIRMINGHAM WOMEN'S AND CHILDREN'S NHS FOUNDATION TRUST,5330,0,0,656,0,0,5330,656,87.7,March 2025
North East And Yorkshire ,LEEDS TEACHING HOSPITALS NHS TRUST,18011,741,12762,6490,0,51,31514,6541,79.2,March 2025
Midlands ,UNIVERSITY HOSPITALS BIRMINGHAM NHS FOUNDATION TRUST,34819,357,1914,13817,0,70,37090,13887,62.6,March 2025
North East And Yorkshire ,NORTHUMBRIA HEALTHCARE NHS FOUNDATION TRUST,10277,0,13291,2532,0,6,23568,2538,89.2,March 2025
South East ,OXFORD UNIVERSITY HOSPITALS NHS FOUNDATION TRUST,12850,1830,2085,5248,0,7,16765,5255,68.7,March 2025
North West ,UNIVERSITY HOSPITALS OF MORECAMBE BAY NHS FOUNDATION TRUST,9464,0,2828,3798,0,81,12292,3879,68.4,March 2025
North East And Yorkshire ,NORTH TEES AND HARTLEPOOL NHS FOUNDATION TRUST,5014,0,11944,2394,0,47,16958,2441,85.6,March 2025
East Of England ,EAST AND NORTH HERTFORDSHIRE NHS TRUST,9225,0,8769,4607,0,109,17994,4716,73.8,March 2025
Midlands ,SANDWELL AND WEST BIRMINGHAM HOSPITALS NHS TRUST,11411,1150,8616,4749,133,328,21177,5210,75.4,March 2025
North East And Yorkshire ,COUNTY DURHAM AND DARLINGTON NHS FOUNDATION TRUST,13515,0,4188,5213,0,0,17703,5213,70.6,March 2025
Midlands ,THE SHREWSBURY AND TELFORD HOSPITAL NHS TRUST,11111,0,2873,6350,0,295,13984,6645,52.5,March 2025
London,LONDON NORTH WEST UNIVERSITY HEALTHCARE NHS TRUST,14125,0,15651,6324,0,194,29776,6518,78.1,March 2025
North East And Yorkshire ,BRADFORD TEACHING HOSPITALS NHS FOUNDATION TRUST,9248,1045,3252,2305,0,3,13545,2308,83.0,March 2025
London,ROYAL FREE LONDON NHS FOUNDATION TRUST,25381,537,16637,9755,6,942,42555,10703,74.8,March 2025
East Of England ,BEDFORDSHIRE HOSPITALS NHS FOUNDATION TRUST,17026,0,8548,7473,0,0,25574,7473,70.8,March 2025
North East And Yorkshire ,YORK AND SCARBOROUGH TEACHING HOSPITALS NHS FOUNDATION TRUST,10854,333,7214,6123,0,302,18401,6425,65.1,March 2025
North West ,LIVERPOOL UNIVERSITY HOSPITALS NHS FOUNDATION TRUST,15869,1842,8129,8008,120,335,25840,8463,67.2,March 2025
Midlands ,CHESTERFIELD ROYAL HOSPITAL NHS FOUNDATION TRUST,6919,0,6764,3582,0,403,13683,3985,70.9,March 2025
East Of England ,NORTH WEST ANGLIA NHS FOUNDATION TRUST,14928,0,4678,6416,0,197,19606,6613,66.3,March 2025
East Of England ,CAMBRIDGE UNIVERSITY HOSPITALS NHS FOUNDATION TRUST,10973,0,6235,4869,0,123,17208,4992,71.0,March 2025
South East ,UNIVERSITY HOSPITAL SOUTHAMPTON NHS FOUNDATION TRUST,11829,1243,0,5075,144,0,13072,5219,60.1,March 2025
South East ,ROYAL BERKSHIRE NHS FOUNDATION TRUST,12163,2341,2157,4873,21,0,16661,4894,70.6,March 2025
London,LEWISHAM AND GREENWICH NHS TRUST,15526,0,10605,8134,0,817,26131,8951,65.7,March 2025
London,ST GEORGE'S UNIVERSITY HOSPITALS NHS FOUNDATION TRUST,9283,0,3515,2117,0,0,12798,2117,83.5,March 2025
North West ,EAST CHESHIRE NHS TRUST,4450,0,0,2223,0,0,4450,2223,50.0,March 2025
Midlands ,SHERWOOD FOREST HOSPITALS NHS FOUNDATION TRUST,11381,0,6091,3800,0,538,17472,4338,75.2,March 2025
South West ,UNIVERSITY HOSPITALS PLYMOUTH NHS TRUST,9353,130,5705,5004,0,193,15188,5197,65.8,March 2025
Midlands ,GEORGE ELIOT HOSPITAL NHS TRUST,7182,0,1690,2920,0,65,8872,2985,66.4,March 2025
East Of England ,NORFOLK AND NORWICH UNIVERSITY HOSPITALS NHS FOUNDATION TRUST,12804,0,8381,3867,0,0,21185,3867,81.7,March 2025
North West ,NORTHERN CARE ALLIANCE NHS FOUNDATION TRUST,25828,0,8886,10445,0,401,34714,10846,68.8,March 2025
South East ,HAMPSHIRE HOSPITALS NHS FOUNDATION TRUST,11387,73,3523,4962,0,150,14983,5112,65.9,March 2025
South East ,DARTFORD AND GRAVESHAM NHS TRUST,11705,0,4168,3694,0,17,15873,3711,76.6,March 2025
North East And Yorkshire ,DONCASTER AND BASSETLAW TEACHING HOSPITALS NHS FOUNDATION TRUST,14073,0,4384,4642,0,21,18457,4663,74.7,March 2025
London,CHELSEA AND WESTMINSTER HOSPITAL NHS FOUNDATION TRUST,20043,0,6486,5353,0,102,26529,5455,79.4,March 2025
North East And Yorkshire ,THE NEWCASTLE UPON TYNE HOSPITALS NHS FOUNDATION TRUST,12877,1781,5416,4559,215,1,20074,4775,76.2,March 2025
South West ,GLOUCESTERSHIRE HOSPITALS NHS FOUNDATION TRUST,13604,0,0,5355,0,0,13604,5355,60.6,March 2025
South West ,NORTH BRISTOL NHS TRUST,9208,0,0,3568,0,0,9208,3568,61.3,March 2025
North East And Yorkshire ,HULL UNIVERSITY TEACHING HOSPITALS NHS TRUST,9198,0,5279,5401,0,606,14477,6007,58.5,March 2025
Midlands ,UNITED LINCOLNSHIRE TEACHING HOSPITALS NHS TRUST,16558,0,3931,5812,0,417,20489,6229,69.6,March 2025
South East ,EAST SUSSEX HEALTHCARE NHS TRUST,8795,0,2736,4198,0,100,11531,4298,62.7,March 2025
North East And Yorkshire ,MID YORKSHIRE TEACHING NHS TRUST,17104,154,6184,6472,0,508,23442,6980,70.2,March 2025
North West ,LANCASHIRE TEACHING HOSPITALS NHS FOUNDATION TRUST,12058,0,3351,4668,0,164,15409,4832,68.6,March 2025
London,IMPERIAL COLLEGE HEALTHCARE NHS TRUST,12089,3928,7269,5333,45,349,23286,5727,75.4,March 2025
South East ,ISLE OF WIGHT NHS TRUST,4266,329,1425,1979,0,0,6020,1979,67.1,March 2025
London,BARTS HEALTH NHS TRUST,25830,973,18069,11735,53,1279,44872,13067,70.9,March 2025
North West ,WIRRAL UNIVERSITY TEACHING HOSPITAL NHS FOUNDATION TRUST,7845,0,3322,4141,0,149,11167,4290,61.6,March 2025
North West ,MERSEY AND WEST LANCASHIRE TEACHING HOSPITALS NHS TRUST,17832,0,7558,6436,0,147,25390,6583,74.1,March 2025
North West ,ALDER HEY CHILDREN'S NHS FOUNDATION TRUST,6446,0,0,1301,0,0,6446,1301,79.8,March 2025
South West ,ROYAL UNITED HOSPITALS BATH NHS FOUNDATION TRUST,8762,0,0,3632,0,0,8762,3632,58.5,March 2025
London,"BARKING, HAVERING AND REDBRIDGE UNIVERSITY HOSPITALS NHS TRUST",13687,2482,15017,6204,385,151,31186,6740,78.4,March 2025
South West ,ROYAL DEVON UNIVERSITY HEALTHCARE NHS FOUNDATION TRUST,12632,0,4261,5510,0,23,16893,5533,67.2,March 2025
South East ,PORTSMOUTH HOSPITALS UNIVERSITY NATIONAL HEALTH SERVICE TRUST,11155,838,3281,4645,13,71,15274,4729,69.0,March 2025
South East ,MEDWAY NHS FOUNDATION TRUST,9157,0,6942,3152,0,747,16099,3899,75.8,March 2025
North West ,"WRIGHTINGTON, WIGAN AND LEIGH NHS FOUNDATION TRUST",6924,0,5866,3509,0,109,12790,3618,71.7,March 2025
London,EPSOM AND ST HELIER UNIVERSITY HOSPITALS NHS TRUST,11405,328,1497,3371,0,108,13230,3479,73.7,March 2025
North West ,STOCKPORT NHS FOUNDATION TRUST,8213,0,1240,3239,0,81,9453,3320,64.9,March 2025
London,THE HILLINGDON HOSPITALS NHS FOUNDATION TRUST,6236,0,6892,3123,0,56,13128,3179,75.8,March 2025
London,GUY'S AND ST THOMAS' NHS FOUNDATION TRUST,10247,727,7130,3568,12,199,18104,3779,79.1,March 2025
Total,TOTAL,1418235,50646,830779,558656,2283,27899,2299660,588838,74.4,March 2025
